946.2043511470815,1277.244616881891,4.831469747762471,526.8826824490405,146.805558506864,5.299915050891351,68.31213796041087,424.76758459278136,5.010866379844983,1346.0728747253563,700.710851163706,5.449652487717917,427.05589072496207,161.31383273548508,5.361860736953446,555.1483498188978,870.9540019550847,5.593566009195152,1805.3233183701018,471.75070360919,3.6543574425483043,882.7367157662891,464.4747514558785,5.125188267177062,580.7059215592762,929.0319510288444,4.765493886275138
322.6127814466212,761.6844475904353,4.066554721542021,1430.7605334505995,745.8569365130343,5.40821858614247,1723.6467150893604,905.6597683967123,5.530390088185275,1250.0290636403238,811.0915058415103,4.762319847091793,890.6594078217626,569.7568944326534,5.149097292839298,1646.183599839855,812.3879943241042,5.344942303345738,1001.7762854376646,479.1314843948593,5.178036615981384,535.5966917854763,1353.1342295951752,5.375604028426403,574.6973659258024,107.94693264381552,5.133439388693944,311.48407090463394,208.0549082371435,5.149894323338133,1080.690374632279,1124.8731337139473,5.101018426420416,228.55991886692158,1091.1993464504264,4.715433167176061,929.4632797763404,1016.0327972542245,5.547825937234236
58.387304491259044,310.8944468276807,5.551491639387431,1328.5105715442494,1259.612117305606,5.047372990970801,1002.9606596998432,668.7282602663942,5.600470852028919,290.146510648675,554.344572655437,3.9678112562296124
590.6011056151135,573.043008783774,5.327893362128859,3.675994406088634,1171.8781194773676,5.4626320162304465,842.2829226404581,1365.7638186250683,2.3935866888090285,460.1573161783964,1100.45223253429,5.384257635619906,1161.7431731945078,834.5194892928066,5.33793557942265,1721.6910894202554,1220.80810388214,4.583810382373905
1053.3692810077273,1372.2428798069811,5.411906791827302,738.9817975033578,1401.2609517085305,2.640529578178719,300.4360796617687,633.6287986634708,5.267888366244326,1090.506132184886,446.5616571353144,3.8323755568590654,392.2142664555377,1340.8462603119372,5.446289578236542,1781.3077575982988,1351.8386052450212,5.41423792856156
854.958726186492,1419.4241464052836,5.291896699554567,1362.1339151404984,382.55654081438917,4.541077535302153,800.2968986594329,971.1161385613167,5.072949109830635,161.29156656866203,132.9300035450557,4.2702780022308655,787.8036816882668,834.7398441791545,4.507167155118453,1323.2498071499717,87.83978497434391,5.102277304786503,595.2336553076473,661.8782989746046,4.739036524946632
955.9351779880751,240.48326433931106,5.182631427637554,1137.1087510345133,379.0342576896911,5.5032293354425414,1907.9487793686176,638.3301571143727,4.158572272200965,1708.195839699965,546.3622427934044,4.270450644930916
1765.8249625482315,67.63584293208054,5.157583404416227,29.87275715912805,446.4767178845172,5.408927374703132,1293.4967279082086,292.33472467541395,5.393188078755974,1192.7899673040095,305.72450285024325,5.044262604304978,518.9447399771012,695.7209728709817,5.253950129259416
1151.175590494383,139.26279005160777,4.820352993402678,194.8461286518659,759.9993131251543,4.236757577863427,1827.1184197662694,548.0733712009395,3.1730340593709276,875.8284571859502,887.4795186722619,4.901641401928705,1591.510900983497,1344.6882896348652,4.942029088246016,1172.9074017592973,413.40527918844833,4.927908278832562,1467.6937733959746,1171.8628830781242,5.523465713401159,293.5392058098341,612.070280888357,4.666922116090522,1453.659566546563,802.613716539794,5.6003201428776705,1833.5504845981939,916.5571372836467,4.9988241078379385,555.2032655774294,1063.746955305729,5.150022501712961,1865.8221750323319,1370.5982012332545,5.3673350516498814
602.8441565809406,1183.4126061096517,5.41247380107377,61.32922703123359,340.6146876097898,5.3820750606068914,596.5901769987078,94.89200398337658,4.909622288774458,31.690706329215637,1413.7377234977375,5.0883248785886215,1156.0944890976898,489.895829046494,4.503111546483539,126.1431565475047,605.5731020809949,4.611894672680723,1106.5765594862407,1424.0717477771402,4.821617941043856,0.5934762422137396,384.52797783714766,4.3988567031103045,730.1398229305287,183.70793368015453,3.4902417182057115,590.9901520488498,523.9330202227163,5.224649736111681,837.1743316713047,676.8399702029454,5.444299753285754,1400.1046528909724,1012.9676068570512,4.825467231613231,571.0128675929861,113.63387747485109,5.057408903278662,1012.8035283822804,975.6808607763152,4.910272555355069,1026.224362066253,391.376152163893,4.713658124044029
1735.7608632666506,1185.7732026704298,5.427382191531219,427.45718796068,861.6551514379379,4.54689836653916,718.1977226894032,617.2488627895387,4.556836313582241,1712.9214886353254,605.2558700363894,3.6873007177019748,1911.6120325235156,1183.3504640614283,5.369554662958046,996.4552587424773,353.8354310375354,5.253146212604463,550.4104871627125,1198.4510138974056,5.256399946844168,79.82242483830649,518.1763515543848,5.138360487277685,1119.0559822215828,472.45190066110035,5.584035664691254,1489.4049471075489,1336.7078066405386,4.792651606477946,937.0685232363692,1321.9952438878026,4.121494904857691,1708.9575547510817,931.6389003412834,4.839567175345482,346.6274984320345,649.1901239698415,5.05414409028041,2.2707671642849547,266.64727984598153,5.547836578432001,1850.2437934251282,592.3162285704684,5.010696121358617,1434.4794817858294,399.4301885348228,4.383467788899866,951.21137618286,1232.629888839204,3.329161558300736,614.1731347775509,387.86917594956765,5.520932290306814,1377.4249257330464,495.65250469533925,4.38961531920272
1077.6305278950786,1321.406868166379,4.777928574193398,1704.1066144116205,38.89966101214622,4.080747475317717,954.4894202494382,781.4404563677671,2.6310379341262946,576.7233803893844,333.75848957578467,5.111443453181243,1345.3693882972675,1149.821605364426,5.565602304971929,684.832092759889,396.60661115977143,5.007960184197031,656.2939898805574,1345.0955847731545,5.019298713997771,1909.2279257076843,1181.9829833908138,5.367041278644701,1390.5779248892993,439.19011708538363,5.264802999822227,278.6997085167404,1241.001078830266,5.1956964802635355,167.339816632048,18.215150931934136,5.565222319054452,862.8213489893373,502.2697919570755,3.870372422952029
1773.8295008354337,555.9336776731319,5.554425971050893,1879.638203280902,970.4017716547654,4.936898812528489,627.9044918581349,721.389779540922,5.516012816227138,1809.0557493441024,815.6127864389026,3.967244551010462,921.5283071528064,510.8814184900801,5.6031300653529845,428.92747806635816,496.65548637210935,4.20070720407039,71.54934768066497,91.45642818028102,5.384317198115882,118.9360883485165,646.172299306043,4.947950004012505,39.291571382917496,82.46945167321194,4.65949960189794,957.8563688984586,1135.3159609420711,4.1079324797775145,454.8136055880361,36.125951111218875,5.378612801542376,202.88827996111465,301.00890663077246,5.331568814429488,790.6662194680143,129.43990580161685,5.235385663954304
495.09232193225415,584.429444201793,5.526586183321367,1366.7430259500559,862.7242626170782,5.232833411809637,938.3036762624209,50.631073459455756,5.523427074237211,787.9211198355213,1305.3510060597146,5.4577275034798856,17.525103340216965,492.21076837845646,4.51059744722751
1836.2208131307564,1263.2395671111242,2.967822408365902,651.7387555923533,1297.1178657296705,3.8517962389978013,1895.2680548263315,248.60336765388536,4.65788908410797,1909.5027283201475,563.5444175366091,5.28728248243685,1457.9879236275567,295.1063610249453,5.52296003453643,772.5713703134359,604.4842077103978,3.3117800380509146,67.34677734739788,1343.556212915138,4.2308344718962205,755.2773511367335,1067.4574162718889,5.2402464456653925,907.6231667225094,270.123867653662,4.747366777275867
1285.0298774382704,1351.300834389459,2.831531368359758,1656.5954006743764,234.69930129240316,5.324981495878562,672.3602279313075,1324.6939048627758,5.141342326791503,91.80009121408126,620.6068390637882,5.314735806118735,1306.4023901155724,391.3026428572298,5.377880228190059,1154.016286581952,890.9504982166299,4.392931061468505,1344.1527972557576,1199.1899677028252,3.3213585513786783,1532.40010268463,382.79721619318946,3.6007172119484125,82.46159211982281,992.276093777352,3.8021631371909588,883.9482629118638,1391.8264635580622,5.210253951144543
1326.5833396602989,145.52811104525762,5.570329950541821,1837.6549651865014,828.6659437355248,5.39038665423872,1372.613899669785,1305.7763511850037,4.346043282548627,1498.1020083907779,865.5411107218828,4.168771694567131,340.6774280082028,907.3744334863956,5.22095822661638,993.610334276268,1003.2810205397443,5.020449479351463,583.7236242701499,143.6125164287782,4.862029781327397,22.616169749556718,109.72000769710769,4.320986186651857,704.2529767644911,242.4523770154568,3.8356242053853333,1865.0206896854038,1381.0025102398554,5.479818663649327,501.2596908970304,1315.0025848304203,5.073447873351979
229.57304184586985,752.3801734798059,5.412128852993121,787.2858502724388,478.2132090601533,3.6777750649044574,329.4268606501674,632.1617988765602,4.991382484366618,1314.9603094095617,1300.0935482815994,5.095500109645176,1462.0637942153357,1180.0161248085547,5.580321183822971,874.1490772303828,699.1426135626003,5.008821482514962,951.9861196306387,398.38444083039127,4.413080715826299,1217.2556129501045,640.5631109288486,5.04183982495649,621.7304203248489,217.52634414546336,5.434542170444945,274.44959372112453,254.29333822331958,3.409063701580178,1467.0237598098697,703.3227823713133,4.941294674373738,953.7164297027472,863.7805505274487,3.805049015979021,468.7793358979272,1263.1666539081737,5.391574914194304
1042.7744717127318,166.91377937867765,4.445721519037787,194.95278887566036,1219.2752219955685,5.4037206442561745,1237.7337345366648,1030.822959813366,5.461000920242566,628.5282776842733,1296.3601972373724,4.95930523669515,1243.1523656795841,754.0318028979754,5.297468336492069,448.52224593001847,1132.912619618513,5.490051900632793,1361.6588564807514,123.20595811713245,4.863324143950423,719.190961658584,668.0570679602387,4.060240060441677,161.87061296392412,940.6102065233372,5.128126488658869,846.9857104419757,802.5285550920414,5.029575732768483,971.060061498717,736.1311921870796,5.532008905971927,516.1968530661602,1153.1815408791222,2.9595797997166313,1068.3323485885314,14.306775998994219,5.480872581242177,325.33999241994155,725.756610265351,5.203853723025824
511.1136542908249,493.02897799279623,4.786659392868139,1725.826356675363,1256.8906095122468,4.287541443526465,8.899565231689373,336.2522370001011,4.348619387360798,1684.4623976051396,1095.294875056695,5.26112582897983,1665.8080253095018,1350.4309292441637,5.427786296209659,1552.8430827068196,219.80962194505815,4.127166184696744,1432.1479996220894,1320.5992557961908,4.341887817158491,1275.4825783489975,1156.239787383334,5.544495192825019,1205.0119900002971,154.94673828020973,3.5943828537768154,962.5295405458896,641.1980642839899,4.2460790410390565,1162.1031117585285,450.23053368183304,0.18781691774811732,1771.8614352002196,654.4623965077301,5.5582652889557105,659.1644199566872,1071.3348185605767,5.356243492211992,1572.146822599686,173.68414608370372,4.875533446640333,1758.18317149253,120.0874833917045,5.494611091091372,1630.9175098770938,831.0426800897898,5.025714274526954,648.9408966767494,8.209848468239649,2.7880374639519165,1316.9237715200647,1144.030183707932,4.445681755733249,145.5063874098023,223.86717221622402,5.493834014967236
175.96361582112408,1025.4777180112799,4.7663164704794125,1095.3061234359332,924.4427569081564,4.2643646608229675,1502.2552709587267,621.7397378536806,5.41581937943176,779.3763357829986,671.242733771775,5.551187009188508,1093.9945323526858,1438.056284144641,4.880782716560428,401.8971417802118,1157.4696456983283,4.307893367172336,864.8080700511528,998.1266316030874,5.6045192673500175,1308.9428005344935,526.544015705725,5.544125858633526
103.75942093651642,165.57943570255182,2.86691662499876,1018.2186828017811,739.790432058329,4.896322405949257,1149.3388731690557,854.2782731854609,5.062181397467596,441.7801193188106,950.8751232909877,3.6593843991531054,1713.0516122550746,367.8868594920259,3.1244914942541864,1527.512168229952,1070.9477092238171,4.952195375349675,37.911356590853806,1152.0378860626663,3.1524596182025486,852.0721287603438,332.11754597912335,5.12437812848659,1427.7094118121177,245.30287705114338,4.001158288349337,697.4492323687517,910.2827939191593,5.498279245581974,1653.6715261658512,718.3379972000828,5.47300466806136,821.3878384049295,303.2869596412733,5.562215175623959,1786.7850013847858,1058.4397878196826,5.5905286349185355
1627.2834839422576,1270.583870131769,5.169414036043494,187.31079002127345,899.9752687930536,5.16270102729854,131.66821065013735,514.9236504597725,4.769102663161646,1254.9807718131372,1105.4870144312104,5.410106769721232,371.8001356141273,208.59844573471582,5.376859192462766,1820.1335727439957,480.9118380182768,5.091561420312616,545.8755269536783,422.41225978908057,5.478698788134272,381.97286539105124,902.7165578234371,4.525338139471218,1893.9593690614945,312.44255501994564,5.2685437737898875,1607.3068189221535,361.48330447585244,4.2470819076851205,535.4206618686724,1103.4094702407028,3.2089583768224825
309.74079852186856,1434.7394166995887,3.3137531894015195,1170.2220472218771,1216.306357384115,4.98431323573461,251.81946220619346,792.2042108486363,4.653866230979277,499.5241614445822,772.5979757255357,5.02154532685144,256.45478095324074,1028.980118243107,3.481478402635054,268.7023037832025,922.2644622026547,5.3892016822578315,1650.5500641712313,1406.8553315517631,5.531062042050946,1698.903444314345,941.33263871834,4.565533336649086,910.6464746047137,1043.763435648836,4.2821791221706,511.47283442037474,622.7437516062564,5.117743203550147,423.61302024506125,457.5146872056044,5.208831250969514,1491.1025207314233,1001.1593638298035,4.270072490914629,830.1262112062536,991.2567566887378,4.87528757903846
1653.7755321577445,520.7143630202671,5.041403165486656,34.617833153583035,1003.7987900099231,2.5605200893805877,204.82433492902425,817.8714560435907,5.0981052007887,1607.237579223011,929.8142435410361,5.269161522379531,194.90610858544716,163.2646473906998,4.695666699139047,1101.6550799289137,331.5762456129618,4.47543507484358,1301.0012708230147,1182.062379294364,4.180832390153705,1843.336012338877,388.4053489086147,5.399554477498881,620.6087496124786,704.9313856467651,3.678743173032712,1699.0106956493566,196.76367301652323,3.4699449216140397,5.64344836468571,336.03416072961915,3.7676343671069072,1875.763719351864,1412.0487323619238,5.335022263917471,431.0285080302117,225.43408974833625,5.481181589180031,521.9622038530961,1254.1308729380141,5.196695065775999,195.35462210743376,1072.4743989417768,5.156757701596172,1658.6622740305995,1019.1887653573663,4.470971150891633
1247.6994663031471,718.9466526164327,4.368360036052605,1273.2942435305013,264.5525009312086,5.249968638758571,937.833318402814,84.71890741801617,3.9565574052928056,1702.0950508595595,996.9783173049191,5.391921629214867,1276.952767965962,716.0591248170639,5.020105058162838,688.4590681626265,785.2320886202597,5.476034612597837,1819.3686876734132,119.45183970966266,5.359778704566884,1265.7522813384664,1158.99868697697,4.209796839119576,1248.7566441642148,720.0679006982448,4.518806967454989,838.7435499957805,1367.3256340821297,4.971787232300925
1461.6523724244132,518.8797269867088,5.414718572293889,391.58826318422564,185.7259329225449,5.250846611882417,1914.63211551803,1309.2550525464537,4.899100792497319,1209.6944857976966,1277.2408146651637,4.631602097333417,299.6150478324244,1163.8956405025065,5.429904884131056,1316.4543844400653,310.5032126274496,4.42072950110316,789.0131855424949,148.55256114439163,3.5986760181913415,1441.7604876255073,54.53945097271364,5.032469086085839,510.86169793841833,62.94273410637204,4.6436419555071415
504.92873193008245,107.72711558471474,5.376028179870878,885.2799085025965,614.6002755074053,4.834170251027346,765.3676667026087,91.3266898959007,4.225734824784505,1871.0180516728374,1212.8016817132502,4.933427190912034,315.26544207318165,539.1980150626512,4.988350986597906,1261.8014030361805,546.276831624848,5.276464192064911,265.50867326466243,403.2063774760182,5.246787123027018,852.3751232014205,339.10077522044406,5.271164607698726,597.386885743516,1425.441492985786,5.185383737350508,1650.3931447103882,444.16725673598273,3.5750997461462672,1124.0366708898491,897.0784680508274,5.033198517768893,1012.4081853972708,742.0498192422303,4.813194322861001,1217.1280563339994,1134.4337944216225,4.981671513736798
1386.956611616412,111.71961926125236,4.8048594100186675,1243.8751110004875,820.3470531179443,2.228032206485104,650.0435361400984,738.5517326668435,5.468787812378637,92.00367778978226,463.5598290638411,5.14073560826527,584.0193969727607,952.5759355682849,5.505583757857681,354.44312402106755,821.025189234661,4.6703088654959934,164.03484904503355,384.1169131747603,3.837475810855344,1039.182726514159,751.064398215192,4.961173355324672,1212.5312812590669,1020.1912950871834,5.215787463295142,571.3045852564122,962.9788246458894,5.195833319853754
540.3368671867001,690.3474349140598,3.553704078418524,787.4405897898862,230.82679665029258,4.900933752220654,51.26228969583952,208.03228954933877,4.5472283074848105,682.9110582709286,1197.3057172319789,5.367761736486637,1334.500711026537,1202.2869078279205,5.563236242254598,551.7306612167055,143.23606374218585,5.169002775131011,1223.4128192207027,1424.4502125498984,5.40603902750701,585.7555974711726,178.34410874473835,5.511968056400721,1125.7743836393922,1135.9044548528698,5.471514534818121,1018.0390387868501,70.58178646836464,5.174199620662299,727.515386167639,1229.0826151324788,5.191275773836466,1720.6241669682454,368.73341155210204,3.9537376995034625,1219.0590096172257,577.3978662772996,4.50198372436689,959.153888906659,854.2285187294475,3.2539562127370094
1323.4427493687708,318.6489375316719,5.138023430559657,1129.661146340631,1317.0109594411638,4.5999769451082875,684.2899837607637,570.3622068713861,5.271778386204661,831.9168078299825,1372.834345456345,5.072705595373421,352.0790357251678,1168.8565829396346,4.902532363029773,216.34999485556077,1090.4842617475326,5.587047083891834,176.70543520477023,1124.6113123547066,5.187052467657999
1717.9538730352551,346.48450809203774,4.9396209233338055,1566.21013312559,200.85156674986703,4.079723360615797,1876.2378812615525,1360.8891953562904,5.507688502592615,1200.088628491772,287.306082057771,3.858559271011331,1131.6314033966307,940.707036389406,5.538819490909522,771.3372810297134,433.9072332393875,5.365648637447278,918.3621175474589,1387.032574056043,4.749265557144297,113.45894668751978,805.4172736477003,3.8394979276931482,293.3573606918163,1011.7600775967179,4.5918399104124745,608.8413396002061,1359.802301214592,2.0650693171751953
404.46475116703226,595.3223950352914,4.501386360382825,283.1675707484192,179.00168781036612,4.443339762923309,942.7537322941334,555.4806936819049,5.161687237065658,1234.6177487418017,695.8538421146311,3.114622119275599,1830.0837692944813,753.5795113784234,4.306795052270793,1495.9400502590765,91.29666760392448,5.2117544482999,858.0882284961705,282.49537069681764,5.33235485071498,961.3316467032682,939.9434090869928,4.078206777048807,1495.297951433229,1246.878559370253,3.09027220103627,1173.7341671855777,539.9568471124231,5.144785473296441,189.0698562087132,237.92457765029314,3.750471406612537,481.11813343948586,695.0489172335091,5.278114823451448,1577.0536508517773,1014.1644766438594,5.424394539695317
1536.2514952599581,1110.27330256764,5.467485757849289,1861.088756100803,804.7028461379857,5.51896563013555,1247.0845313774084,1016.5998260611906,3.404114652321354,978.077544224203,265.0593330737469,4.923263252377679,1575.913721576145,893.2547044630069,4.274675695449274,767.0154235148083,842.8955994802321,5.330615957712663,340.371981923999,310.53305795840174,5.389194960288565,1654.8493405062188,1099.6665570356215,4.629379220997786
1223.6090932995348,64.23363829448769,5.591177896802303,231.83964564420063,1246.7453951754396,5.1528289908072,134.3325488956452,684.4553782074576,4.977964227882441,778.2301473917651,445.71421022720625,5.460346791408652,1398.593993847121,1360.2120686357468,5.501058303026821,1528.6562222588998,1250.920432420027,4.696874310795252,710.8098808373447,811.8302400302483,5.121580022528077,420.1456271933893,740.401472752479,4.985304710854635
1629.1820496151688,455.4947922675455,4.933729715341429,1853.0214464704509,691.0596179764082,5.37839127782004,568.8764271183943,349.5307881270775,5.137853852879827,1098.524367061886,738.5871533870717,4.618255094509417,1623.8247965314806,1083.4555026984774,5.147842931455303,413.9036796522294,1189.6263942978244,5.50457940406391,811.3889702848547,477.5931339328663,4.770205981833928,724.9963634343771,622.7538301652604,5.357740627269748,1645.1109119455082,72.84667413068057,5.392269483297566,1336.769267494634,508.60967330209496,4.549946441866692,1808.0780969510718,965.2840804999709,5.565042791594836,694.8069294671169,120.2516478819473,5.591069856638279
856.751150160715,1048.73699212267,5.051616606499642,1380.221103747695,830.5428497062487,3.375599870764032,74.33041214459124,890.4273864837002,3.9192045686208776,779.7367863135327,1102.3042598012887,4.681731302428467,1536.6190663854147,199.15544435428959,5.140983666646001,1015.9416961350158,1255.73603117323,3.795369243360215,785.6660965874547,1194.2802947891282,5.450972860985609,905.1920724251626,96.95489334763722,4.844600240986694,1719.7786000748372,18.75613828405518,5.280701794263097,747.9257339160738,815.1586070714804,4.568308399271436,414.36649853144996,1048.6066249969394,3.758427412341542,982.4890753601902,119.61709954839276,2.7161450491311814,934.4272070052582,191.64573548109524,4.7634136322429335,924.3777071320122,76.51682861471667,5.265156411568396,332.84313759261545,1348.9352084435704,5.201752657777853,299.3062462934084,365.5562584230088,5.109785246790175,376.594958868276,298.9073793577012,4.61631311739565,1252.2764179840929,241.6298651222737,5.2421007221386935,1017.1799570339379,23.802027542790825,5.5338429640623925,1064.0879801318767,684.7029684418054,3.2821287206327727,1215.1254104053046,1022.3621961654038,4.924147666806066,768.5143045752266,1424.227345016207,4.451151045867219,1114.3611951294465,72.04711127051758,5.345821708013027,1431.6194591718856,288.239655372098,5.212019148459645,1000.9429063140557,110.98060585024449,4.714047969013808,1229.7621058807704,782.0741853731222,5.514034274287447,1076.764294680356,6.89042543452838,5.4934868920096935,1575.4826817550104,477.27956045951004,5.4404445191814785,88.17640784938848,614.8100078757589,4.597790642777183,1472.1077539865998,194.0826483751782,5.608456858929245,904.830766829305,120.94542922760459,5.230251231234123,689.5104838940879,1068.1308923135718,5.292710543963781
100.80270146946017,1095.2383283949112,4.7863987988761,29.883567153228228,1055.2628955941682,2.033067674869587,1366.2560302239285,885.2981652344122,2.68177556829435,541.204681791824,1433.1498415388617,5.58586260218484,10.25565995075933,898.4930439052249,4.819660920212601,1277.6789325723603,408.5288972901071,3.3760649704074543,1243.3513071125922,587.5443356258954,5.491429834815363
1689.566614428337,800.3252214393433,4.817417142322731,851.3129162188816,1263.5148287775294,4.885689656557064,1915.3165525599534,1174.738990027279,5.090619526053473,1104.7730522641232,1114.1616827274306,4.346370132332538,1107.6074873799535,13.77643492738323,3.2375147995578604,335.91338796869894,1197.134441582243,5.422135863328795,337.31315167027526,155.57723801430924,4.411367772417026
1141.2236545148003,57.29988281843707,3.7082854803150047,248.6015217698835,283.87839934430747,5.286589345449992,678.6452348968138,1290.4222792160492,5.495609873801664,20.323745224977827,845.4154006699879,4.378366564799439,1047.5369959935251,243.60203713560904,3.0981919225986854,688.8836221496941,1342.5398795630379,3.592977204977158,1204.818927583161,148.594830822178,4.638160174201731,276.5594658401527,1074.0067876096268,4.870356342822106,1627.0577154476186,1228.6067273706235,5.502288860222432
1583.1433250708494,1016.68962323625,2.7482808804679877,294.5605357557107,1179.0979189987277,4.802209269420319,607.6585914765219,907.0128910103944,5.519230172300248,352.91239335487126,686.8524524107381,4.028119664984697,466.8223308992803,764.3085982481434,3.376852705464264,1060.6657063132143,1409.3384808601058,5.609601227788215,965.8774582037945,439.76838836330177,5.445701543312021
1156.2103059048084,361.6614322458242,5.344087941737302,996.5349516896987,1122.2550709033287,5.0676228283440645,1835.2072272244225,414.75144696417243,5.131491070236165,1062.9529276941103,536.1885162952555,4.796330881924861,1503.9224817593179,1073.8361883309217,5.170849790014273,1823.9745277019883,786.7370811050516,4.199770304499003,945.5912363658202,610.4346948474863,4.8512946823780565,1633.5797670497,1310.1833652599232,4.358747091521623,159.6345525084361,942.491814866432,5.29769715601359,348.32837162160723,188.6739078290106,5.341754125702444,1501.424309226973,751.8421288825991,5.565539909298981,124.87433350152753,501.9761277240401,1.7900828147275154,584.5856037076335,557.6194400641257,5.037232048240299,212.21246362754286,1321.4157308297783,5.084718386375486,463.2460939161528,174.44725075490229,5.208949251371466,1530.720792196032,822.277327300947,4.8111022980996285,1457.3582872776306,875.117069755922,5.327207964029594,1076.2985994171963,1374.8892890364318,5.375437131221681,166.08015484804207,856.7524549144404,5.4438153614602625,450.38463189351955,1341.3274273794161,5.609850327682435,1725.3277037206522,22.649445562560224,4.047510219832573
1022.1023419214628,660.2860907985854,4.751578665997839,564.8850805999081,758.5117415569524,0.8590058681473821,654.111223197983,996.2392083171586,4.755950170521358,1456.9126146970834,22.676250264869502,5.07104022705284,1101.1492213763659,1342.094460982702,5.613412141086308,1418.5885413803653,175.6744942939738,5.309136277416731,633.5553403373735,1096.6860082532341,4.926476329647661,725.5860649209069,1075.5626486502213,3.3923457107692934,1534.732709776817,236.03626607850407,5.372376744197951,435.5301929407199,1373.2218416208189,3.7633433188479035,349.20906816537945,1264.5906356159596,4.313511218380108,1083.7026462308215,1090.0396798469633,3.662679712219724,785.6499742821088,1176.4986086727133,4.446466026760656,708.8444546478804,1081.7120391560566,3.834183051873944,922.9208997094773,569.789183369213,4.734265383228531,1360.9351649706616,465.96708105631876,5.403754396558318,93.723838869584,1150.3272655978424,3.5263893532358788,446.9676659111018,370.73886232802386,5.0663776497804545,1220.5142003295507,946.6271212325148,5.5529057093935865,448.33920920406746,1318.1536252104156,4.803476182942307,319.43798928025603,1154.6975183449063,5.462645121105073,1119.2239813345743,1438.6291241301867,5.523653168249238,762.1385547684364,1002.773280419988,5.517552795919515,1552.5481752072487,1239.806320776773,4.691359227896251,1123.5806256296494,938.1394628136773,5.312627340207787,749.0110787831736,981.0465656698558,5.435574282613948,579.1564108249926,1335.1146387860886,5.599646428701258,1261.8515433041944,1006.2902748944063,4.996245562224769,147.84142040563728,1022.2204694181848,4.960588447993284,913.932475752835,1429.9672225047532,5.225603707016036,27.044061732617664,115.87625469917973,5.034849042824161,708.2563422806904,1011.4763473300699,5.057490385139753,893.0867624394202,815.123689698175,4.616866664863337,681.2182173779063,594.4895166018957,5.081957516725459,1774.8460786899786,622.8992034280067,4.224934982044738,956.5785580003542,1144.9681373134656,4.673552631296958,658.1810113698795,591.3911344528605,4.6428698958400325,1312.411239197249,561.4930015979841,4.269886918388508
619.874705360804,92.34141443804612,4.998459428746578,562.2414430367471,569.2877333933617,2.928988179216947,1011.1690816374436,826.4961423121947,2.078387661397928,1691.3388029601683,1087.8285937735727,5.502089014501496
1300.1008486809508,1132.058342615958,5.594985410879784,1796.1908746904471,122.51487651214197,5.592402084343832,1583.129924321925,813.7754485902623,4.380877338058381,981.0328697942375,949.3477177256336,5.336686097563797,1697.3524475526374,29.417948572417643,4.2632254682844595,1812.9013385988926,48.64046401925225,4.957160451925276,403.09753505420076,245.6550995697091,5.119719753584978,710.2189000640767,871.990266162651,5.183585101909542,1807.8551935604487,237.74602244239583,5.529083255645777,407.70547548476884,318.38000398881167,4.036515257756891,890.7201982693514,697.5551092251782,5.0718557971930105,1297.0401352711967,835.0982473906002,4.376814865243296,694.2129563754174,343.4687329375092,4.795254826256165,1451.4769276992263,826.3188359601223,3.3991613888704753,173.99628498183523,353.2809952110178,5.31051404112492,259.2361281320861,527.5006921702281,4.422952874282026,1782.3241752095971,171.79458250864,5.479573177131844,1476.0470672102138,181.7934613694667,3.8421781358446427
1678.6254308543046,884.9251826164989,5.3527561491616025,1866.7896148335428,515.5934715353325,4.529039685545801,461.4561825628163,1103.5031298384208,5.217471880559138,857.2613086431717,697.0318184962637,4.4110370385992415,1800.6137408932993,1195.4873593024954,5.16886169380487,243.43171972233225,123.215620017231,5.528856360101301,1104.272450131436,567.7606184644243,5.555906105325696,1875.131425199021,331.63057141229996,4.766754600884962,1507.4766735978271,692.5730561028757,4.9205347014661065,351.88249030056767,1364.2028053375734,5.324560893560912,1658.3252191686483,850.0012242096059,5.50269796860775,1428.5178277247385,1020.5709856969896,2.3036710645898144,510.1476772377251,798.1715180489814,4.54737725498841,283.6878871367654,25.813957431288934,4.742863091110702,1046.6054413421884,868.4208796678847,4.041931224973196,1038.6681345403374,633.2360990301579,5.329084824134844,1707.5355106617324,288.174500501188,3.5424810961929576,1250.3624462614478,183.11270086471148,4.675280285574031,1793.3973611696044,228.4530576625071,5.242883763912725,1844.5457838321286,650.570737789697,5.466394031513935,1836.4640083943964,516.0796670011089,4.297662151807628,1432.8156946995812,176.70293117545097,3.6075226416532464,946.21524983712,130.74588500340323,5.500674336551042
1089.2707471634503,127.45447004458202,4.982924000072159,1774.5178223018697,1087.4754002224286,4.316975667092512,573.8334064749105,1282.6799523486045,5.351086769279112,470.31993722669034,621.2591825306894,5.526968687534387,446.45241369188386,569.725463749552,5.479778941529929,1602.404829710399,345.1657943277703,1.9635469514324881,122.65749576341011,606.6352919274133,5.223753277691184
321.1350273739301,1081.5210447842212,4.775276971297836,1659.1330609375846,261.65973336543993,5.168384821223782,461.76813322426324,1230.9884281660973,4.225780912550567,1572.9863235112298,1306.534258950736,4.660051948262766,711.1387674936921,535.0009927280246,4.878507283260473
842.4892686562509,328.5704120184732,3.9473190826421236,674.3158915389117,139.96513908704426,4.278746418486444,368.75814863816413,1064.0279716064163,4.417804479348485,427.352928345687,967.4187394649232,5.179325425178413,162.01754923093742,100.5329493283561,5.541069366941954,980.6591229271958,1355.5234738390016,5.468686527831692,1715.9048237941495,868.3674068004369,5.483151560148188,124.93087494363141,1087.269931271604,4.764549419570558,732.224568445318,779.0399430737098,4.36270150379375,206.9209079732642,897.8979845529053,5.588229557853161,1837.4067760210914,1339.4792537589028,4.044995742253857,668.4738109079449,469.79639324957645,3.2534456280069666,1222.8008084144249,1147.1729696791303,4.527337170958132,193.47407222034627,1134.4121752538929,5.070172259668146,1438.67360748276,1068.0597193545282,5.145208774815099,1187.997510791206,754.6986552567242,5.555834883633549,235.72757903174812,624.3403432469715,3.5659074822583383,449.1206767995037,566.5700040238776,5.2081249955361715
596.9264188482534,838.0623720355636,4.073358192305756,999.3187387823292,1202.2481765636774,5.190437311100169,1810.3793369663103,339.4727143065649,4.758930983458954,682.3030338076503,1347.5531197924836,4.6535230892809984,232.5634894450206,542.2525810463877,4.828693811466114,389.9172815577696,590.561764747907,4.111784245684433
319.52590238973727,1044.1125281230047,4.289603493486312,818.7318958611685,1324.5139180576828,4.335762280250474,1319.1776935882488,1065.4734435884804,5.5892507204491455,1533.9802494215967,938.8111152270311,3.3275364471157416,214.22945870683753,669.2568555713182,4.828437276283428,1735.172775948738,289.78208345733975,5.185912791055911,1508.2777577023562,625.1432690389934,0.4452969659337472,1586.712213925155,439.9400151101069,5.582698277591977,1850.9117947214934,1245.52603010542,4.4413086964569155,643.0091609554541,94.39726444840208,5.066994929577598,986.8419160113033,513.716278088474,5.515773630248075
554.8076154529585,204.72892476704283,4.231520470622302,1387.6925125907844,759.1546805680845,5.234579912204932,291.93237930243254,206.44278247466204,5.075370820454461,914.1626172761546,308.4816234629295,5.515481197926228,887.2943644380307,746.1179394102928,5.095292832006546,870.4964992657493,1259.1235827526853,4.666220660606037,1761.131061693991,261.50446986595574,5.042747696515492,749.2362159897172,160.81702309860358,3.744334952386181,122.88232618382327,143.76422478153262,5.467755311825924,1866.691253958947,681.0922544336953,5.004895691145839,1479.1562346446683,110.5678790588472,5.584960414654162,1605.8166112379388,306.2453336969761,4.992641293259449,1710.1765701262957,526.9227848682774,5.335042679330216,459.1092881179357,347.3079527787434,5.299580847612123,1734.71466394117,1130.339129810073,5.05517678680705,71.29988678517833,1004.8226086100798,4.961077097267574,116.74246070508372,172.94067535611515,3.86776634625495,940.6048789535483,1247.9555980971559,4.77197628483192,62.525844661953336,459.6989305459238,4.7125606249461285,1870.3905691724804,306.36232535217715,4.31666245908466,1758.5468837975804,757.0532267662219,5.4751063385735375,594.3292046067527,240.81249151821757,5.137638917458162,166.25533621613855,803.0999599465115,4.880752800677641,151.19024498270971,585.3528121609929,5.42497838813571,317.3677028663412,875.5706173807649,5.122569512656423,1526.6831374728629,950.4542523887014,4.055247205565307,986.5549053633741,1110.2823472299183,5.237480199902405,163.22690008006546,371.87199790690784,2.622831438302412
1793.0479838141198,715.0613810611737,3.8982003567395327,1862.008918343406,438.87002805682744,5.566499097092306,485.7761592408513,965.3109446769225,5.284130231469389,713.7532804218595,658.3816039325594,5.5384965798191255,455.72227740617507,356.62267684668535,4.639145832664818,379.6325845505009,1423.7389436311826,4.390366335501691,293.4576123113581,903.4410642577068,5.127710171653408,469.53267930852064,706.2843194976261,3.101522364569588,221.84315039526027,435.6862914926512,3.833771208675669,183.7785190636748,117.19460856028877,5.561440364470181,492.8325598400125,147.86574730825922,2.6508679810368587
840.8542106232321,1144.7806566587224,3.4803707245684805,498.6240838880827,292.5093523738436,5.604150263694276,685.495842664484,205.56784245970601,5.545317924334742,28.31694802455747,61.30134836741579,4.910518842301524,1061.285820514543,78.40171841178777,4.798912245374226,1558.8014536017367,924.3696475585572,5.46755526949447,1455.2823174556604,661.668939483294,3.5824998530499315,242.13747851920715,852.5686934599951,5.052377457299869,369.08818089357686,1099.900385021451,4.980034373165897,123.81351906343156,784.8221635452791,5.114122930289669,706.2742739675336,342.9135733893587,4.99849141306192,1294.6594611679775,294.49002267568744,5.2674504198764724,287.3041992264706,163.09966628897007,4.791187929135557,231.9654129228371,8.772926892517692,4.101418389074145,1735.564635845775,992.4797142640999,4.024373346413917,36.98833910268327,99.88571628793642,5.091209521153013,223.87479027723984,1401.365877821862,4.8191526804158675,363.31777170833567,270.5081612103001,4.93714682397051
1118.6817086809597,1134.85916001155,3.8507477337456795,252.0268000513849,236.69565153194395,4.146454937513915,1661.2099513288392,528.7924880646835,5.264100269924618,1506.6447670938412,332.93685404806354,4.721026390126591,1216.929753913752,1261.4786381503995,5.424168850988858,1725.9327673917269,632.7845016337388,2.95123178916703,1375.0265053354249,77.66984109234556,5.4127364747021645,153.26485460628936,363.13362474346974,5.317351706368986,1031.4955493021148,672.9756135317845,5.571670241005743,1405.943737585787,271.51506863759874,3.398380081531753
269.34839642695704,999.0786606688029,5.097845270129807,25.670822405392357,555.3239257792733,5.466156663640506,138.87330907342374,102.2788574791071,4.885085023589026,1781.034729033963,810.5285714189697,5.177467570609697,1074.0850224331914,901.8658828861878,4.785775056946905,100.60322286836168,692.1430860552742,4.001258954147302,188.28593297326947,6.461835357235106,5.332810724289304,1552.0625993291558,725.2131716755976,5.202626467345037,267.91737118432223,452.94176479508457,5.178642029931041,32.481176003867986,14.102053894706756,5.180491052239656,1567.5508464561642,74.78094686540757,0.742178677457174,59.458917525670394,724.9727320533585,5.263074750155279,1607.2881275111167,938.8046382418717,5.153191132372893,1172.0085123889776,819.0467757060577,4.433271077175302,143.43758736406863,84.28432211630751,2.581658948762781,1742.1859935476589,20.280746957354374,4.704855390985341
1446.3217871288193,885.1889418272572,5.498546350248824,508.2302951489456,72.40513881047423,4.762395975289651,453.0866894116086,607.9331906333585,2.2345616452376262,1009.7669260113342,599.7718561089474,4.326530823535211,1510.8670405668383,1234.1698788990393,5.5411415198910055,1337.5879784380766,679.6754441640054,5.012555650082991,297.01219471100114,821.1852200805592,5.008733029017678,86.81481726197828,1354.321186859437,5.324232960303476,1356.2729816632627,783.2424154274573,4.32290661060256
1019.0369558523294,497.9467527833222,5.469999487973346,1067.5222793598593,1046.2505703594015,3.168782448582139,1649.9076459176663,897.346244874488,4.817980569979621,1330.554725666151,957.2095958316413,4.8792131543582205,1100.0021494125047,795.1646650213021,4.440935938947723,521.3360488862504,305.3020267927572,5.187478102094483
296.7558319360436,86.99616909276665,1.9325428603954284,1539.226627625106,323.45114899194164,4.437555847919593,110.4242793575056,888.0299889838973,5.429148467577134,1209.8469968500008,559.1441428763969,5.285281175212074,283.75734737648327,920.6016429583028,4.1154317402235545,1226.518141587883,542.7952763947992,4.9440194422255725,936.3579394694586,1067.7044338082076,5.191193059901666,1322.6324167122368,1423.8072800913537,5.090066439803289,469.2169371911553,259.7098591108557,5.493349463309293,1343.7036204459596,636.7303988782791,4.932254221890317,1656.9709948222226,520.4604312366854,4.423354763140976,294.48313550141455,1437.8634611828,2.883435088492634,721.5755149873763,627.7368360352126,1.3711350451513322,1171.092239219917,203.14028061162702,5.588146575855396
1890.5460860209034,347.68979304338075,5.3138738560125,817.0973750126511,1131.5116215336784,5.21361071214376,1560.5294028007795,1018.5651999983654,5.417839926487218,261.5537276447257,229.33972544192866,4.702678267584386,633.5735131719042,393.55987001074203,5.317441830010066,84.30731039655666,898.5711488113207,5.597188408471228,1590.6052512702183,1148.355288321276,4.88146483881259,1783.0470940633704,717.3725165230114,4.813185422864704,1323.668501584146,547.1844856495246,5.550232910670943,1114.0278203652965,1133.3736822720518,5.175043639549186,10.079835163087836,68.39745949136676,4.695334332390818,244.334431189155,673.9004033069413,5.6048390103672645,1297.0186481867993,887.2621271766872,5.405184798536573,1444.6827353561146,553.0663294543274,4.519286308022188,360.2833721919643,960.3910256135185,1.6496882968985118,585.0134366327183,1062.051030463232,5.255220429591071
1408.383354968346,515.2081815686915,5.237398453270653,12.93221372892372,1048.9017240202686,5.285604443381207,1709.026328466699,1215.0119959422495,4.502084019580499,299.7294570554584,243.09792438556283,4.7703493074415,1660.2151422055304,119.57132924118652,2.639099695829478,1470.0235658461838,1356.9435392979133,4.722310578209195,29.701943344817394,387.7979274975955,4.411152586622017
1004.7869496050034,1421.6269995086893,5.1126500188570025,1615.0885803947876,1041.8937275733579,5.310683716736342,1304.2719040902589,991.534996488901,5.543930432655887,856.5444045585297,1151.5797363885852,5.462442069850052,905.8491631638792,553.2008897375464,4.553794195532356,633.3974707170545,340.1994370577327,5.507269193369585,1474.0012719888048,194.39140385941315,4.331517807626864,680.9781683766822,847.4687909110235,4.076948305045961,1780.9616229422102,1138.398308740288,4.663678264091077,1022.7238821407185,610.7385794241299,5.3270410004159165,1063.39052333872,644.9138401104715,5.235913399998997,967.4563577675339,414.68697551598757,5.215301487782277,25.37829547624895,341.37663701019824,5.431688033999204
576.2926572779129,964.7255077504667,4.647786124630228,936.331278350502,115.23842923663443,4.355522651198325,238.05163750830053,1396.815235283257,5.208099013972642,1788.9232794723957,1099.207797967623,5.236563470253419,187.38389526691847,387.06546960523957,5.520895433510454
1514.3397431955734,562.4676929254878,4.343859479817844,1450.5274231709159,812.5681091543684,5.293737941920877,1206.4493525229573,1064.3173205306862,5.00275473749328,1701.2958500876748,253.30757812582712,4.893490816289323,409.9595884578936,927.9585618012087,5.531077063177894,113.14410757980241,255.62428474806975,2.378646249303448,1176.6222900457237,812.8591210853822,2.3803863991535126,1347.9028900847318,520.6161001991785,5.396299356019227
119.9825498190944,1364.441618311566,5.019408777511437,951.44436154148,1205.0986191265588,3.9887603893394186,53.044574433262284,742.3843771096267,3.580639614878189,1800.6749896174033,1249.6661784362218,4.7153302586101065,1409.1777210266039,1287.94282846101,4.5686025372641925,828.4915482068424,941.3136907004816,4.242023939920558,1231.4557376263963,9.725556700553337,5.119334121612468,1100.7764038205626,214.78675885878212,4.786880965127423
1077.610471225128,1113.817693130243,5.5363576158204095,1863.2109682028652,897.866256191675,3.7624881068384197,969.6170698900697,403.7678440050377,5.514578324328911,1871.4280963617366,1125.6594691172802,4.67406841417115,1885.1506709416055,724.7817583617745,3.9874518290462158,681.1778277382111,231.38351950977057,5.0524294120844,1823.507623304228,894.0058074210173,4.921937022454142,593.6569381990491,437.36769524215134,5.134709874184395,95.43190213129773,932.6831149391279,3.8272003107670316
1076.6152030476628,1030.8786792226883,5.022165306843691,1419.2636131943282,1264.0014028341177,5.587344713072163,408.54696454183164,923.8591896166984,4.388769528028922,1420.386545631331,454.1402078538261,5.600531872051362,1916.8472856995963,1046.659584496467,3.9141400901645285,772.8597835523769,636.1214062368166,5.074010378759819,1498.8432585682503,1285.1178465319572,4.854411823003457,96.90033974010422,1417.8270536934838,3.749177380733991,1703.15991581742,677.5862872729965,5.389258571869616,54.60264646621493,1075.8280527426941,5.123944435712095,1915.9657109614013,99.79178215939976,5.187345909788937,1103.9461764941327,92.10663874629742,3.3982147222985057
1205.5320247445168,1391.2063987864103,4.916497643161957,527.5143748256564,42.412169996242596,5.445937472411005,1467.1463679023072,15.110252213960145,5.074168316819817,1047.6841938398702,1301.4668808648742,5.410180604574118,281.56888433972284,529.3450886168843,5.565352249057681,1544.8207904712947,180.13427145246067,3.1247173616497603,419.1778869865974,830.6879435711561,5.143937498991147,110.41828012937896,525.2739886949,5.535156888835789,329.0645165568368,1294.5628109097713,4.931627365879382,235.52547511797857,1124.6809726754873,5.2775001171039975,12.57534978295297,633.5014326871327,5.199283766704857,1011.5480315844579,74.51905679414149,4.033779298192848,346.2691609187799,1207.6018445002676,3.991485022216294,1836.1350507362488,1322.1835503171778,5.526154605607773
1686.749986470715,143.76996124416488,5.4189363988254975,53.80956908193674,945.056831288548,5.012860141056256,1113.6691868206262,374.58174971144973,4.505322619805197,122.82128141023193,860.9207952439897,4.186424904266131,703.086106422778,240.5345184028604,4.231324162571953,305.579900370304,489.4933558048417,3.4106641092785654,1373.5173233891092,1188.3881342308853,4.248700477360613,704.4818040972492,85.74818281259151,5.506157836386304,1373.5036071311768,661.2917830043159,4.092162184814891,332.77280417112013,1386.6387671419036,5.356051444614173
528.9401414727398,321.7541919308817,3.862525737882895,128.98962947069037,1322.4134178304075,5.1663257679567565,674.8599972584021,440.40016840332106,4.107200242919877,293.0597202486981,761.5879320869985,4.534874017616038,401.2726247486976,23.581952885207826,5.360858621035258,307.86739706585945,220.42332017757997,2.834039402899313,668.3361913952273,1186.07186841062,3.9338256478444715,706.8219588434357,244.18954410270973,4.213976903278373,1527.2489865205155,1276.216436793703,4.985932764602583,493.8230998801489,648.8482526152674,4.067608467046109,1289.0969743599637,391.92871405889815,5.534752591044789,1176.089381883795,932.755533126057,4.256191563480806,87.86541517400558,335.9097693452311,4.662427232682948,489.6739892645318,44.64018655090916,4.841944584022954
1746.3405234316401,1013.5831346151152,4.710824661502148,362.2843778947279,22.06664635616926,5.385667268022548,1742.1102762723451,206.67931607477033,5.123046610193961,1411.7908781107442,295.36566102838106,5.2979597515282775,1813.6756299678095,973.8498019072371,5.491491124301156
618.7830891752684,464.50208531278713,5.186037062075664,1602.3518326445942,66.98868686286355,5.271051653168959,1901.1352686490377,688.2844801970784,3.908903562864656,1553.780247325846,127.1926690598672,5.523791859109239,822.5103864345706,690.1543340285326,5.143019430372043,1529.509895356788,872.390477303344,4.859400294577643,750.8519262950075,1417.477470976371,3.9164956188839666,57.0738213499142,1337.538726223649,5.068158222276033,581.7200146028515,835.6659592868862,2.544777926420142,1163.2028210009228,1076.3730302968463,4.210737664767906,72.60648276969508,542.2790302968333,5.542766745647794,1131.9659608925344,382.79932127928583,5.505750627117164,1462.0704520665518,344.51263680184826,5.3671211883773555,1755.2565358391953,889.1137937794322,5.452258224008381
322.66081845373293,859.0856649770169,4.285041006847644,255.82177436675778,249.41169579117113,5.04616694069295,1531.1842941530385,920.4186120463438,5.3682001711401615,535.7779009492349,1264.9717856948787,4.415444735674827,1877.6251546211636,753.5683744155324,4.670145879329916,813.813974236437,476.892934947309,5.450888283928933
675.9994819902271,1326.3199959128272,5.550717249724722,1540.1978141507825,1238.7439780453587,5.5841537982857625,498.264658127042,226.99418480259277,5.144421537303676,961.3416558139166,560.6087302958127,5.322012765723815,1519.8541395248708,12.498065151341944,5.420492485122386,803.1623676572832,958.0115434985629,5.465383679866847
1395.5348637967074,470.3068592752767,3.8507659736117374,1179.9873577050002,1041.4050891675124,5.254284227748691,206.1038630591239,318.76115188768324,5.539748148782654,192.70800924112797,1409.789442288028,5.16608382105359,890.600355834018,704.4232403398925,4.508821935857362,357.79173994100756,46.529759178290334,4.981159089338836,205.36332950533935,1115.879767293363,5.108818991727067
1131.4173001253976,1432.8455383931607,5.447252434051527,1641.530529586926,1291.5081109914338,4.403031231981169,1889.2028018890007,6.967562915516199,2.8114467101142138,1833.9953560529088,9.433058908284337,4.649963729552125
994.0817946908119,1307.2719055121918,5.419904489221659,1538.627590470605,399.257309203181,5.424209568448275,272.69110289297436,726.8912326592133,5.587031000879817,830.811145617537,288.8214579880914,4.845105858374133,1211.9862335840573,432.918975914973,4.732347978299378,1289.4477239560551,1410.7454452187144,5.243145614721857,659.8245798927923,331.9174338994554,5.3907103665704055,1569.7331856504109,612.4643528467329,5.579181824989074,1264.1618282772815,651.6628402058282,5.534888273117385
1239.7605441994615,684.815888121656,1.162177805762487,10.165548320587128,1327.1279358890167,4.441884560095885,678.8956896151894,491.9176932306462,5.298638096170339,1756.8250524596717,1125.939384735885,5.569998589841002,225.24506839939318,817.4160960348034,5.492254771288087,1557.0412416395866,167.05543701330572,4.169985310845276,324.4008429156327,1060.2341279012633,5.1033363277340325,1022.2195009819543,1041.8302880014144,3.7157544864717846,221.98531986338645,436.6668660273445,4.953618894117388,231.15842316801093,1235.746016031293,5.393109854555689,913.0015163441489,1322.650149306945,4.9607636480798325,505.1776404124763,1254.6895442386538,3.6175370498812147,1519.7290002126192,1290.9392102133986,3.86949169496099
527.3937414889158,618.1606818622766,5.361080504175503,578.1236372692955,667.7196028320477,5.177416462169978,339.9223437224588,6.595885116267919,5.414467337261065,1482.9764134147906,20.328127685359725,5.034394622969636,1909.9872995848577,405.0694582827334,4.57966569526182,711.5211166364472,1067.228425916605,5.592455039744533,58.12275761799725,1047.7797183819011,5.082949227248232,1423.9559296481175,880.1417598119912,5.359053738403211,117.69538472679912,425.08201899104614,5.36060892318576,814.3818717605491,491.101958210394,5.489397524917791,757.2656054442465,175.84352101313394,5.332716660966243,1819.4274263483564,1151.2085730731303,5.358656802993906,666.8462608685004,1204.1840057376392,2.631900097101854,11.403901930533209,1302.0097570804535,5.136763884773564
1095.4927482750916,1002.6751962614914,5.450915186352388,1823.8603982597083,1076.0217402645176,5.145844911756393,332.51031049261167,1156.7381984141582,4.320153522333425,1820.9241576004092,1104.0390893125161,5.298640633427983,76.0328138894815,119.66735894755091,5.399983832246129,1174.966700461115,366.7860091429181,5.429926150796125,1119.8374132193203,1151.093806248933,5.582449689049551,1530.9197548193163,978.4315981116031,3.6826076804160897,954.2553792091926,1150.9627309118691,5.5958671269757705,444.0017819471001,63.299888196451164,5.1004404952223865,807.3290836435706,1119.8809371939026,4.613359687325214,328.2913589356302,206.01665979357034,4.916893112894188,1908.0986649637014,1310.134692307856,5.569200064150808,1078.6121097836394,520.7830479638816,4.929599727278357,1802.212651230667,1427.7823155161589,4.483286924666217
836.6069172333042,881.1511735551129,4.4023038868197215,1711.7438003475095,384.9106185852248,5.17125082145851,280.545045959168,224.06805607053667,2.824645671798292,1038.3455203039139,921.5060857135988,2.6301910733847094,956.8504672575377,1231.0655188760818,4.385469803582044,295.1421457637127,367.4005875971219,3.772308040196537,1437.3689992984398,656.8453225238856,3.6836100086959602,1322.7946726338766,887.2648008933426,4.734345190472737,1289.4672732074127,504.7480753452207,3.7011839605458956,1198.2159049747056,809.9405877698388,5.530289267380056
964.8579717533707,862.6696811727004,5.046163076234076,132.20112361039554,314.2001479913517,4.98480579550131,1041.7953866334651,1393.1001886640272,5.538885894082774,664.0062194753548,836.1902784500204,4.040643239453874,1072.3575567756611,1126.6876360170836,5.5424448734466605,1394.160657186153,68.15317888865033,5.110280812169338,1673.6442203769361,969.0100534549205,4.906136204499137,646.8358676455948,150.44424015379178,3.468767902136935,1725.8840225652323,1396.1618737181122,5.42099235705664,29.08162756031654,1377.1327611019367,4.877652247589882,972.5258430691698,539.4290436088015,5.413764907383479,833.413188714662,909.6992089702579,4.717127040663003,1019.5920438338431,879.2667441802018,3.6878962747602113,374.27412301462033,581.1851700780521,3.7475239393471034,696.4391694320373,478.0193249300777,2.239449073697228,602.9790651637189,168.3654929201229,4.449254506528833,574.8226174115231,871.6849757110559,5.54649427032027,1612.4394808533243,1183.782031798785,4.757114325755052,1024.2950767672437,411.5610522067911,5.243649229462068
707.3766891532701,234.596626760142,3.9488476146342646,1806.7511276300734,587.3501443171072,5.351852851711057,1266.447163483459,716.1375139487087,3.9570227739307575,1765.7393681786566,450.15059923294103,4.071397561883087,355.08245011743645,1428.0388169824055,4.144190352774002,643.369376570419,210.74304081845298,4.276780080936013,1619.5723998114684,271.8597739078487,4.570235971904162,359.96140630609534,425.24726232134145,5.488941255726839
1836.455654112545,541.0513032726546,4.95896154410811,1701.0317073203773,983.1014625013644,5.188531011142023,1799.1178227226194,740.1424396601576,2.886967690255021,758.8756052722722,1268.6954312811072,5.331349023065853,1903.7750157621604,660.5473320397276,4.346613809482827
1006.8078422085285,361.49157707360035,5.534989751776365,57.289173319568256,1351.4833350847746,4.701635907189608,297.4227810444318,234.73689702732642,5.2999428424020305,1792.3243246628597,565.675920341231,5.464324737578913,386.51283275646756,17.9316247886268,4.673852513253861,1836.565199884748,1299.1977864303049,5.156026725029288,1467.4283046831154,551.2741990757162,5.395062909225614,290.45013576934804,1264.3153101217447,3.688838822034648,1094.00810815615,981.2084476603999,5.528662855174667,1088.1330514133122,331.68295810527377,3.2597042218744283
990.7912180832215,225.47247271785116,4.668307133022701,355.776619720014,341.63596577544774,5.2059716750066904,990.6730773477359,382.3853166029755,4.504172360999055,1420.3254341721995,753.6567164906431,5.540159882006818,923.5266057128645,1422.2196396034126,5.2500529321754845,1458.6365166774615,796.283629101037,4.957337243428415,1556.2541587461983,258.566654818782,4.764043296526942,1578.9964660090918,1257.9701082388624,5.544678332463071,1179.7023543800037,815.9432961942672,4.944945392966906,1155.513979213801,331.82881980352914,2.0086769348596882,1142.6472331229627,173.8763434846612,5.021099701163148,872.6926629171619,720.5397439641204,5.594277831276639
242.60322164643793,417.26564600273787,5.21396384848337,1337.7354696341476,912.114232950868,4.195003201359809,1829.847279883343,115.56267960559268,5.447435672728215,1476.982552908724,594.5119183195725,5.523427660613549,256.6211717205363,1290.108784542421,4.138868103755034,918.4494931966209,839.8013709555196,3.451721464172243,887.5622104198217,1311.088020944872,5.4820330642182995,204.81530351866087,666.2429593503264,5.4412595539160655,660.2165627782382,771.8155951433534,5.203256484511586,599.0231654103534,837.0849211920806,4.778806276339609,1918.9831641922383,1098.9676737672248,4.770253438160102,733.2522711904151,1027.2822431512236,5.335555745093385,257.87071779689745,839.1501969837078,4.9750647081694135
61.0782548799536,1006.8411355143791,4.664325531655288,1519.414885647106,1059.248631283176,3.2777496312822167,758.5562971389242,76.13918025412418,4.537127177367449,1298.6094481965536,1009.6720428988191,3.879031107324212
234.73679922421644,1235.3393446436353,3.1949878997732526,116.62183046223973,859.6171992812322,5.530679451568321,1416.71741071479,1400.0255602295158,5.529447661426943,282.17402869345955,773.1260507779039,5.512483791205298,1239.5312808984113,225.4106543372784,4.868186645583096,1465.8734813794035,1149.2058645650907,4.303879395488266,1017.1996029183198,343.20146764624104,5.569800555372257,13.818381660104038,503.8343824391278,4.975059424452872
846.3820007341544,24.238727160193374,4.252946784150891,202.6429719053579,1147.0444393191615,4.275571806445853,1759.3110585333486,738.4232596308851,3.479251404485128,1845.135203126426,394.54823311214363,5.5542585791951185,1097.7404378753893,1377.2075189752295,5.5270302218816,109.05480126684111,759.9318552991751,4.8146758323049434,640.1036959757753,208.56905892490562,5.414793274061262,1888.8360827648833,57.60723621584866,5.39919981064176,1760.935775295678,281.3088341020654,4.092578100182506,409.60141540836423,861.1562142010436,3.871998152707064,1825.8639346486123,254.22860966525758,4.626425954846289,1353.2183367324849,264.2926047040961,5.455142155812655,1475.277311183575,478.0656035011189,5.580004080777394,402.72205866705184,846.4821694671045,5.282937216267609,1596.4608882493035,1008.9482625832336,4.794627483683199,1438.253897559965,63.16864014592562,3.868712419282402,1210.4056687476887,1413.9027487851004,2.0713390545879204,1175.1862400751254,1389.133313676398,5.017710049118497
1507.255160478843,254.38257556281198,5.525523009688137,1635.351049966438,34.347536844362956,5.492800418244163,744.3324933359504,1309.109869101061,4.447322113982598,605.774871286233,1212.7678874728765,3.5607079491274023,29.854346542709038,795.0886674894836,4.834704156456141,1360.2797747484306,763.090436788731,5.576795320849131,1317.114318060388,163.08907567366725,3.7388900200728212,1038.7255889420005,451.8548699220072,5.533468564719003
1445.077632750256,1265.9769307662302,3.46001798841058,964.5502922931033,981.4212691357791,3.6980042264259216,1663.0649598175005,1026.8070809080277,4.619289526976414,242.70751675861118,111.42643208243935,5.394863247159086,655.1321274495318,249.1163542664562,4.228837860141672,65.56672665799006,1009.7623203352525,4.48635643592264,516.3956757565988,817.4953079080299,2.27756273302092,998.7239483113201,409.44689572116175,5.32117142932136,367.5870353184231,752.5966382766159,5.521484283946062,1692.301427058355,733.4760566470749,2.152750695748425,75.48483767795577,1366.6588842284252,4.863872672075209,1615.4810896104102,647.1833162537416,4.811814358898006,1631.8590233305135,45.168301361317084,5.269112159193839,457.39851056320754,385.354333167126,5.567120087242504,1687.4680657319075,801.1121429561041,5.526942798370301,331.2902879787107,1119.1837016903794,4.819542575823379,1618.404202706517,1062.5656235767044,4.806524017329435,1578.8610105463458,1228.0964605683937,5.395282558722026,1232.5284733193153,910.9805506019342,5.382863562721163,1219.4592092261448,238.61707800306817,4.174571221472268,24.19219325720288,1360.02832192876,5.546835404517764
181.61236074041653,486.1622048428983,4.799679797607658,1898.519828232809,71.20274720063811,5.084640867470263,989.1523320571476,733.8470926947944,5.069920362686026,1475.1366125516724,257.13400413468344,4.7818603837497164,249.63350144037918,315.1870838960202,4.992351253657747,1218.463159319314,1186.4256538892382,5.531997622739142,324.004646030721,457.5781219733646,4.664319642273855,1216.0801242907446,267.68445228104184,2.809184313534797
364.0777161189527,440.4241642658921,2.799510543609617,505.00160595942884,1374.2075923479072,5.073903063146235,436.9460166075205,440.083655537849,5.494391376865541,1512.008846814846,299.87496041542505,5.232435834442147,1235.9770134110515,431.5944967388266,5.180251795176331,1189.9371577509196,1218.850511318014,5.505140049776969,1843.6446007849056,1306.4412295235027,4.894089978291374,1668.4503171780523,98.18638036185392,5.293775668094285,1851.1517579640288,1390.6265838078605,5.40545306909621,1290.5332481837452,651.7104734865165,5.1870660324143385,1222.7141020397655,417.83501796916556,5.356595663242406,1458.6699359979116,1094.4070376776713,5.48904410950315,1743.3736600274638,1122.119439010513,5.420954143664672,1704.025673212098,854.8616953416871,5.0544043147102595,147.13563311803136,1373.213738887392,2.841937525933874,1835.8837636096255,688.058489479158,5.5527540206873915
1554.563489276958,1049.9554711805658,5.082775055542186,1791.1756274996073,1170.5063811990372,4.76204533726036,1727.032270311013,643.7353717400961,5.300179526010135,17.232553903098662,53.830514919509085,2.8057978894301834,660.318087330071,612.0622092227055,5.483896238792104,1745.4770818412878,1351.1722704878862,5.498369536910623,629.875469595049,1358.719151427735,4.451434459088572,611.0570269161785,997.2906131437492,5.035561781144578,1776.920904298483,303.1141971437782,5.508857427781698,402.3999725540017,660.4489529606996,5.3861425444756055
834.5286680561816,1032.9353870883963,5.242028819029482,978.6277408634066,258.7409028539092,5.423302631578719,1625.405269787613,986.7605561116638,5.295009223098056,1637.5283275472698,293.99149284965875,5.2973932363745995,1526.425695796416,1307.041330504535,5.459826599904249,1635.2093982122374,550.6540784024854,5.026237601753253,1291.0579393064338,297.3666595637082,5.317813051676576,1549.746773712146,848.5429718109058,3.4262557960975037,177.0977685837854,1359.7743194073364,4.699925982266329,473.99144124595693,1052.8468596152143,4.541507937151896,1196.7770342275132,203.74390392324665,4.769322875033986,605.8123520035587,502.556843650813,5.3289983319376155,1639.2800434293881,904.6721752666065,4.900116328430813,1728.8013248674315,1366.6472267540057,4.544431211812478,831.401950637209,1210.0459874364567,5.236026818367399
820.5268865881781,337.3434882440401,4.604847659761569,1558.3824914399636,735.6499419796232,5.388611228414231,614.2662006919945,946.8001346772834,5.607604791116248,586.535259636839,1427.449813459554,5.520059452904479,1556.1480854175788,840.4018159240945,5.4955167841114765,1408.4229318514435,632.8806355101893,4.948910140123137,783.7107405285345,482.8902244506013,5.542407293732526,28.107554956843295,932.5901980838662,5.148407278387742
1592.4165294134734,373.2578424083291,5.277077911229161,977.3104880407623,1059.3440100044782,5.032996490115649,121.92459763501894,954.3081886473753,5.471807086332387,1220.3400585844865,885.1127161096109,5.5964002490433025,1649.7847215637914,981.9425496100699,5.40577070265545,572.2597042294824,1380.1418657489724,4.890869688851056,1128.9476404991872,666.9162248006838,5.493883859673808,11.862533294690927,938.0188017282123,5.206275772890027,1919.9975354339772,540.3646187301067,5.110767994402077,1413.4172290186302,1088.7130801041928,3.7507745797684833,350.7102369366242,681.4673996100927,5.056561594575744
1652.3969692317485,753.8575383332576,5.51887721550354,20.09645684367289,835.5052210149224,5.600501346061608,1862.578572129518,65.57326650704069,3.1545682779527624,1423.7686243718867,480.302157493383,4.805765115955369,1089.517898182514,679.8175541156373,3.9788602320100916,1247.6736691909389,1152.1408932095105,2.735277639538986,1806.1181914344133,765.4759875811429,4.652861012791677,615.8872671295953,62.46204956524408,5.394064005876132,1234.1943773459082,1119.8628843402462,5.613438192933514,1674.384599909238,272.34166930884817,4.858934524795159,385.5427251786814,1111.6846096891736,5.164568977938572,1913.2623040824285,334.519824829503,5.5151685523622955,482.9827273205243,866.6438939654546,3.963190574617577
100.18697065325213,440.2798463230195,5.155565098683688,285.12637114008584,78.72277268233553,5.161329887933743,30.17648597567259,24.625670977763843,1.6935071791355543,1359.7572594292797,1219.1898727056825,5.399346237500895,1187.1367413284424,1113.559540096804,5.168295562371989,1427.9647512780125,254.31481539966205,4.1227875585822575,219.0078068541141,724.8284477646262,3.7677349094079773,1263.5169297806804,904.2685397927917,5.156824725962711,758.5131772948848,624.0480905659402,5.466655250787633,1239.6925761661746,675.4932816164712,5.517235314872838,348.1252864180676,319.3196549249358,5.511521529143702,1149.2584746903772,527.3631782580283,5.502319375504141,1267.114206894567,522.5067830467384,5.227774932651283
